# touch_raw — no calibration, no bezel
# panel 800x480  drawn == panel coordinates
# hardware raw range (in use): X[0..4095] Y[0..4095]
# stored calibration (IGNORED): X[0..4095] Y[0..4095]
# stored bezel (IGNORED): T=11 B=14 L=0 R=0
# L ms raw_x raw_y panel_x panel_y pinmask
# T ms idx target_x target_y raw_x raw_y
# B ms edge raw_x raw_y
# S ms edge bucket raw_x raw_y            edge-sweep sample
# I ms edge bar_panel tap raw_x raw_y     inward-step tap
L 18913 1260 3800 245 444 0
L 26391 156 4095 30 479 8
L 26452 211 4095 41 479 8
L 26482 239 4095 46 479 8
L 26571 352 4095 68 479 8
L 26601 391 4095 76 479 8
L 26631 413 4095 80 479 8
L 26691 440 4095 85 479 8
L 26721 453 4095 88 479 8
L 26808 520 4095 101 479 8
L 26838 579 4095 112 479 8
L 26867 601 4095 117 479 8
L 26926 612 4095 119 479 8
L 26956 635 4095 123 479 8
L 26985 677 4095 132 479 8
L 27044 730 4095 142 479 8
L 27074 756 4095 147 479 8
L 27105 801 4095 156 479 8
L 27165 844 4095 164 479 8
L 27194 889 4095 173 479 8
L 27224 920 4095 179 479 8
L 27283 949 4095 185 479 8
L 27313 988 4095 192 479 8
L 27342 1033 4095 201 479 8
L 27401 1056 4095 206 479 8
L 27431 1089 4095 212 479 8
L 27491 1106 4095 215 479 8
L 27521 1136 4095 221 479 8
L 27551 1171 4095 228 479 8
L 27611 1215 4095 237 479 8
L 27671 1276 4095 248 479 8
L 27731 1291 4095 251 479 8
L 27761 1309 4095 255 479 8
L 27792 1328 4095 259 479 8
L 27907 1436 4095 280 479 8
L 27936 1475 4095 287 479 8
L 28025 1536 4095 299 479 8
L 28171 1624 4095 316 479 8
L 28228 1664 4095 324 479 8
L 28511 1872 4095 365 479 8
L 28654 1984 4095 387 479 8
L 28908 2156 4095 420 479 8
L 28967 2207 4095 430 479 8
L 29026 2231 4095 435 479 8
L 29085 2261 4095 441 479 8
L 29116 2296 4095 447 479 8
L 29146 2327 4095 454 479 8
L 29205 2353 4095 459 479 8
L 29235 2382 4095 464 479 8
L 29323 2448 4095 477 479 8
L 29353 2519 4095 491 479 8
L 29442 2568 4095 501 479 8
L 29501 2607 4095 508 479 8
L 29531 2625 4095 512 479 8
L 29561 2650 4095 517 479 8
L 29621 2662 4095 519 479 8
L 29651 2676 4095 522 479 8
L 29682 2699 4095 526 479 8
L 29798 2812 4095 548 479 8
L 29828 2831 4095 552 479 8
L 29916 2841 4095 554 479 8
L 29946 2868 4095 559 479 8
L 30005 2881 4095 562 479 8
L 30035 2906 4095 567 479 8
L 30066 2932 4095 572 479 8
L 30127 2957 4095 576 479 8
L 30156 2970 4095 579 479 8
L 30186 2976 4095 580 479 8
L 30245 2999 4095 585 479 8
L 30274 3021 4095 589 479 8
L 30304 3040 4095 593 479 8
L 30363 3063 4095 597 479 8
L 30393 3095 4095 603 479 8
L 30422 3111 4095 607 479 8
L 30482 3129 4095 610 479 8
L 30512 3146 4095 613 479 8
L 30572 3170 4095 618 479 8
L 30602 3202 4095 624 479 8
L 30632 3218 4095 627 479 8
L 30691 3226 4095 629 479 8
L 30721 3252 4095 634 479 8
L 30751 3279 4095 639 479 8
L 30811 3293 4095 642 479 8
L 30841 3300 4095 643 479 8
L 30871 3317 4095 647 479 8
L 30931 3350 4095 653 479 8
L 30961 3366 4095 656 479 8
L 30991 3382 4095 659 479 8
L 31052 3400 4095 663 479 8
L 31081 3423 4095 667 479 8
L 31172 3484 4095 679 479 8
L 31201 3511 4095 685 479 8
L 31291 3535 4095 689 479 8
L 31321 3555 4095 693 479 8
L 31351 3585 4095 699 479 8
L 31411 3600 4095 702 479 8
L 31441 3631 4095 708 479 8
L 31471 3647 4095 711 479 8
L 31531 3655 4095 713 479 8
L 31561 3671 4095 716 479 8
L 31591 3689 4095 719 479 8
L 31651 3706 4095 723 479 8
L 31681 3724 4095 726 479 8
L 31711 3733 4095 728 479 8
L 31771 3756 4095 732 479 8
L 31801 3767 4095 735 479 8
L 31831 3781 4095 737 479 8
L 31921 3801 4095 741 479 8
L 31951 3812 4095 743 479 8
L 32011 3831 4095 747 479 8
L 32041 3841 4095 749 479 8
L 32071 3862 4095 753 479 8
L 32133 3886 4095 758 479 8
L 32162 3908 4095 762 479 8
L 32192 3919 4095 764 479 8
L 32251 3937 4095 768 479 8
L 32281 3938 4095 768 479 8
L 32311 3968 4095 774 479 8
L 32371 3993 4095 779 479 8
L 32401 4006 4095 781 479 8
L 32431 4024 4095 785 479 8
L 32491 4025 4095 785 479 8
L 32551 4080 4095 796 479 8
L 32611 4094 4095 798 479 8
L 32971 4095 4095 799 479 10
L 34224 4095 4081 799 477 2
L 34283 4095 4063 799 475 2
L 34313 4095 4054 799 474 2
L 34342 4095 4020 799 470 2
L 34401 4095 4003 799 468 2
L 34431 4095 3956 799 462 2
L 34491 4095 3933 799 460 2
L 34577 4095 3800 799 444 2
L 34636 4095 3785 799 442 2
L 34666 4095 3729 799 436 2
L 34695 4095 3715 799 434 2
L 34754 4095 3708 799 433 2
L 34784 4095 3673 799 429 2
L 34813 4095 3637 799 425 2
L 34872 4095 3601 799 421 2
L 34902 4095 3559 799 416 2
L 34961 4095 3538 799 413 2
L 34991 4095 3494 799 408 2
L 35021 4095 3418 799 399 2
L 35081 4095 3340 799 390 2
L 35111 4095 3335 799 390 2
L 35142 4095 3312 799 387 2
L 35201 4095 3285 799 384 2
L 35231 4095 3255 799 380 2
L 35346 4095 3096 799 362 2
L 35405 4095 3057 799 357 2
L 35435 4095 3037 799 355 2
L 35464 4095 3027 799 354 2
L 35523 4095 2982 799 348 2
L 35553 4095 2960 799 346 2
L 35582 4095 2939 799 343 2
L 35641 4095 2912 799 340 2
L 35671 4095 2899 799 339 2
L 35759 4095 2812 799 328 2
L 35789 4095 2757 799 322 2
L 35847 4095 2733 799 319 2
L 35877 4095 2721 799 318 2
L 35906 4095 2701 799 315 2
L 35965 4095 2671 799 312 2
L 35995 4095 2656 799 310 2
L 36025 4095 2649 799 309 2
L 36084 4095 2599 799 304 2
L 36113 4095 2574 799 301 2
L 36143 4095 2550 799 298 2
L 36202 4095 2538 799 296 2
L 36232 4095 2541 799 297 2
L 36291 4095 2488 799 291 2
L 36321 4095 2475 799 289 2
L 36351 4095 2446 799 286 2
L 36411 4095 2412 799 282 2
L 36441 4095 2381 799 278 2
L 36471 4095 2357 799 275 2
L 36531 4095 2311 799 270 2
L 36591 4095 2200 799 257 2
L 36651 4095 2181 799 255 2
L 36711 4095 2149 799 251 2
L 36771 4095 2133 799 249 2
L 36801 4095 2117 799 247 2
L 36832 4095 2077 799 242 2
L 36891 4095 2037 799 238 2
L 36921 4095 1995 799 233 2
L 36951 4095 1964 799 229 2
L 37011 4095 1933 799 226 2
L 37042 4095 1947 799 227 2
L 37072 4095 1911 799 223 2
L 37133 4095 1870 799 218 2
L 37162 4095 1834 799 214 2
L 37192 4095 1804 799 211 2
L 37251 4095 1779 799 208 2
L 37280 4095 1756 799 205 2
L 37311 4095 1727 799 202 2
L 37400 4095 1672 799 195 2
L 37460 4095 1637 799 191 2
L 37489 4095 1559 799 182 2
L 37520 4095 1520 799 177 2
L 37608 4095 1436 799 167 2
L 37637 4095 1413 799 165 2
L 37696 4095 1393 799 162 2
L 37726 4095 1367 799 159 2
L 37755 4095 1328 799 155 2
L 37844 4095 1216 799 142 2
L 37874 4095 1145 799 133 2
L 37933 4095 1133 799 132 2
L 37963 4095 1113 799 130 2
L 37993 4095 1075 799 125 2
L 38052 4095 1056 799 123 2
L 38081 4095 1007 799 117 2
L 38143 4095 942 799 110 2
L 38172 4095 902 799 105 2
L 38261 4095 796 799 93 2
L 38291 4095 745 799 87 2
L 38321 4095 731 799 85 2
L 38381 4095 684 799 80 2
L 38411 4095 637 799 74 2
S 38411 TOP 15 4095 637
L 38498 4095 524 799 61 2
S 38498 TOP 15 4095 524
L 38528 4095 457 799 53 2
S 38528 TOP 15 4095 457
L 38557 4095 425 799 49 2
S 38557 TOP 15 4095 425
S 38587 TOP 15 4095 425
L 38616 4095 373 799 43 2
S 38616 TOP 15 4095 373
L 38646 4095 337 799 39 2
S 38646 TOP 15 4095 337
L 38675 4095 303 799 35 2
S 38675 TOP 15 4095 303
S 38705 TOP 15 4095 303
L 38734 4095 266 799 31 2
S 38734 TOP 15 4095 266
L 38764 4095 238 799 27 2
S 38764 TOP 15 4095 238
L 38793 4095 216 799 25 2
S 38793 TOP 15 4095 216
S 38823 TOP 15 4095 216
L 38853 4095 147 799 17 2
S 38853 TOP 15 4095 147
L 38882 4095 112 799 13 2
S 38882 TOP 15 4095 112
S 38911 TOP 15 4095 112
L 38942 4095 79 799 9 2
S 38942 TOP 15 4095 79
L 38971 4095 40 799 4 2
S 38971 TOP 15 4095 40
L 39059 4095 0 799 0 6
S 39059 TOP 15 4095 0
S 39088 TOP 15 4095 0
S 39118 TOP 15 4095 0
S 39148 TOP 15 4095 0
S 39178 TOP 15 4095 0
S 39208 TOP 15 4095 0
S 39237 TOP 15 4095 0
S 39267 TOP 15 4095 0
S 39296 TOP 15 4095 0
S 39326 TOP 15 4095 0
S 39356 TOP 15 4095 0
S 39386 TOP 15 4095 0
S 39415 TOP 15 4095 0
S 39445 TOP 15 4095 0
S 39474 TOP 15 4095 0
S 39504 TOP 15 4095 0
S 39534 TOP 15 4095 0
S 39563 TOP 15 4095 0
S 39593 TOP 15 4095 0
S 39623 TOP 15 4095 0
S 39652 TOP 15 4095 0
S 39682 TOP 15 4095 0
S 39711 TOP 15 4095 0
S 39742 TOP 15 4095 0
S 39771 TOP 15 4095 0
S 39801 TOP 15 4095 0
S 39831 TOP 15 4095 0
S 39861 TOP 15 4095 0
S 39891 TOP 15 4095 0
S 39921 TOP 15 4095 0
S 39951 TOP 15 4095 0
S 39981 TOP 15 4095 0
S 40011 TOP 15 4095 0
S 40128 TOP 15 4095 0
L 40213 4068 0 793 0 4
S 40213 TOP 15 4068 0
S 40243 TOP 15 4068 0
L 40272 4037 0 787 0 4
S 40272 TOP 15 4037 0
S 40302 TOP 15 4037 0
S 40332 TOP 15 4037 0
L 40361 4023 59 784 6 0
S 40361 TOP 15 4023 59
L 40391 4016 31 783 3 0
S 40391 TOP 15 4016 31
L 41064 3568 0 696 0 4
S 41064 TOP 13 3568 0
L 41094 3533 0 689 0 4
S 41094 TOP 13 3533 0
L 41123 3523 0 687 0 4
S 41123 TOP 13 3523 0
S 41153 TOP 13 3523 0
L 41183 3518 0 686 0 4
S 41183 TOP 13 3518 0
L 41213 3516 0 686 0 4
S 41213 TOP 13 3516 0
L 42691 4076 0 795 0 4
S 42691 TOP 15 4076 0
S 42721 TOP 15 4076 0
L 42780 4068 0 793 0 4
S 42780 TOP 15 4068 0
S 42811 TOP 15 4068 0
L 42841 4045 0 789 0 4
S 42841 TOP 15 4045 0
L 42871 4029 0 786 0 4
S 42871 TOP 15 4029 0
L 42901 4005 0 781 0 4
S 42901 TOP 15 4005 0
S 42931 TOP 15 4005 0
L 42962 3981 0 776 0 4
S 42962 TOP 15 3981 0
L 42991 3959 0 772 0 4
S 42991 TOP 15 3959 0
L 43022 3948 0 770 0 4
S 43022 TOP 15 3948 0
S 43052 TOP 15 3948 0
L 43082 3943 0 769 0 4
S 43082 TOP 15 3943 0
L 43111 3932 0 767 0 4
S 43111 TOP 15 3932 0
L 43202 3852 0 751 0 4
S 43202 TOP 15 3852 0
L 43231 3829 0 747 0 4
S 43231 TOP 14 3829 0
L 43261 3811 0 743 0 4
S 43261 TOP 14 3811 0
S 43291 TOP 14 3811 0
L 43321 3802 0 741 0 4
S 43321 TOP 14 3802 0
L 43378 3744 0 730 0 4
S 43378 TOP 14 3744 0
S 43408 TOP 14 3744 0
L 43437 3717 0 725 0 4
S 43437 TOP 14 3717 0
L 43467 3707 0 723 0 4
S 43467 TOP 14 3707 0
L 43496 3690 0 719 0 4
S 43496 TOP 14 3690 0
S 43526 TOP 14 3690 0
L 43555 3666 0 715 0 4
S 43555 TOP 14 3666 0
L 43585 3644 0 711 0 4
S 43585 TOP 14 3644 0
L 43615 3633 0 708 0 4
S 43615 TOP 14 3633 0
S 43644 TOP 14 3633 0
L 43674 3627 0 707 0 4
S 43674 TOP 14 3627 0
L 43703 3616 0 705 0 4
S 43703 TOP 14 3616 0
L 43733 3587 0 699 0 4
S 43733 TOP 13 3587 0
S 43762 TOP 13 3587 0
L 43792 3546 0 691 0 4
S 43792 TOP 13 3546 0
L 43822 3514 0 685 0 4
S 43822 TOP 13 3514 0
S 43851 TOP 13 3514 0
L 43881 3498 0 682 0 4
S 43881 TOP 13 3498 0
L 43911 3482 0 679 0 4
S 43911 TOP 13 3482 0
L 43941 3464 0 675 0 4
S 43941 TOP 13 3464 0
S 43971 TOP 13 3464 0
L 44001 3439 0 671 0 4
S 44001 TOP 13 3439 0
L 44032 3412 0 665 0 4
S 44032 TOP 13 3412 0
L 44062 3387 0 660 0 4
S 44062 TOP 13 3387 0
S 44092 TOP 13 3387 0
L 44122 3350 0 653 0 4
S 44122 TOP 13 3350 0
L 44182 3308 0 645 0 4
S 44182 TOP 12 3308 0
S 44212 TOP 12 3308 0
L 44242 3281 0 640 0 4
S 44242 TOP 12 3281 0
L 44271 3251 0 634 0 4
S 44271 TOP 12 3251 0
L 44302 3248 0 633 0 4
S 44302 TOP 12 3248 0
S 44331 TOP 12 3248 0
L 44361 3219 0 628 0 4
S 44361 TOP 12 3219 0
L 44391 3192 0 622 0 4
S 44391 TOP 12 3192 0
L 44421 3171 0 618 0 4
S 44421 TOP 12 3171 0
S 44451 TOP 12 3171 0
L 44481 3160 0 616 0 4
S 44481 TOP 12 3160 0
L 44511 3133 0 611 0 4
S 44511 TOP 12 3133 0
L 44541 3119 0 608 0 4
S 44541 TOP 12 3119 0
S 44571 TOP 12 3119 0
L 44601 3102 0 605 0 4
S 44601 TOP 12 3102 0
L 44631 3082 0 601 0 4
S 44631 TOP 12 3082 0
L 44661 3052 0 595 0 4
S 44661 TOP 11 3052 0
S 44691 TOP 11 3052 0
L 44722 3023 0 589 0 4
S 44722 TOP 11 3023 0
L 44751 3008 0 586 0 4
S 44751 TOP 11 3008 0
L 44782 2991 0 583 0 4
S 44782 TOP 11 2991 0
S 44811 TOP 11 2991 0
L 44841 2974 0 580 0 4
S 44841 TOP 11 2974 0
L 44871 2938 0 573 0 4
S 44871 TOP 11 2938 0
L 44901 2920 0 569 0 4
S 44901 TOP 11 2920 0
S 44931 TOP 11 2920 0
L 44961 2903 0 566 0 4
S 44961 TOP 11 2903 0
L 45018 2844 0 554 0 4
S 45018 TOP 11 2844 0
S 45048 TOP 11 2844 0
S 45078 TOP 11 2844 0
L 45109 2829 0 551 0 4
S 45109 TOP 11 2829 0
L 45142 2813 0 548 0 4
S 45142 TOP 10 2813 0
S 45172 TOP 10 2813 0
L 45202 2797 0 545 0 4
S 45202 TOP 10 2797 0
L 45231 2777 0 541 0 4
S 45231 TOP 10 2777 0
L 45261 2755 0 537 0 4
S 45261 TOP 10 2755 0
S 45291 TOP 10 2755 0
L 45321 2744 0 535 0 4
S 45321 TOP 10 2744 0
L 45351 2725 0 531 0 4
S 45351 TOP 10 2725 0
L 45381 2715 43 529 5 0
S 45381 TOP 10 2715 43
S 45411 TOP 10 2715 43
L 45441 2698 23 526 2 0
S 45441 TOP 10 2698 23
L 45471 2690 12 524 1 0
S 45471 TOP 10 2690 12
L 45501 2686 7 524 0 0
S 45501 TOP 10 2686 7
S 45531 TOP 10 2686 7
L 45618 2612 0 509 0 4
S 45618 TOP 10 2612 0
L 45647 2573 0 502 0 4
S 45647 TOP 10 2573 0
S 45677 TOP 10 2573 0
S 45707 TOP 10 2573 0
L 45794 2520 0 491 0 4
S 45794 TOP 9 2520 0
S 45824 TOP 9 2520 0
S 45853 TOP 9 2520 0
L 45883 2511 0 489 0 4
S 45883 TOP 9 2511 0
L 45912 2506 0 488 0 4
S 45912 TOP 9 2506 0
S 45942 TOP 9 2506 0
L 45971 2478 0 483 0 4
S 45971 TOP 9 2478 0
L 46001 2452 0 478 0 4
S 46001 TOP 9 2452 0
S 46031 TOP 9 2452 0
L 46061 2439 0 475 0 4
S 46061 TOP 9 2439 0
L 46091 2416 0 471 0 4
S 46091 TOP 9 2416 0
L 46121 2405 0 469 0 4
S 46121 TOP 9 2405 0
L 46152 2383 0 464 0 4
S 46152 TOP 9 2383 0
S 46182 TOP 9 2383 0
L 46325 2328 0 454 0 4
S 46325 TOP 9 2328 0
L 46413 2280 0 444 0 4
S 46413 TOP 8 2280 0
L 46443 2261 0 441 0 4
S 46443 TOP 8 2261 0
S 46472 TOP 8 2261 0
S 46502 TOP 8 2261 0
L 46532 2249 0 438 0 4
S 46532 TOP 8 2249 0
S 46561 TOP 8 2249 0
L 46591 2223 0 433 0 4
S 46591 TOP 8 2223 0
L 46901 2128 0 415 0 4
S 46901 TOP 8 2128 0
L 46931 2093 0 408 0 4
S 46931 TOP 8 2093 0
L 47215 1980 0 386 0 4
S 47215 TOP 7 1980 0
L 47524 1804 0 351 0 4
S 47524 TOP 7 1804 0
L 47667 1732 0 337 0 4
S 47667 TOP 6 1732 0
L 47783 1668 0 325 0 4
S 47783 TOP 6 1668 0
L 47812 1637 0 319 0 4
S 47812 TOP 6 1637 0
S 47842 TOP 6 1637 0
L 47872 1625 0 317 0 4
S 47872 TOP 6 1625 0
L 47902 1619 0 315 0 4
S 47902 TOP 6 1619 0
S 47931 TOP 6 1619 0
L 47961 1600 0 312 0 4
S 47961 TOP 6 1600 0
L 47991 1591 0 310 0 4
S 47991 TOP 6 1591 0
L 48022 1576 0 307 0 4
S 48022 TOP 6 1576 0
S 48051 TOP 6 1576 0
L 48081 1569 0 306 0 4
S 48081 TOP 6 1569 0
L 48111 1545 0 301 0 4
S 48111 TOP 6 1545 0
L 48143 1517 0 295 0 4
S 48143 TOP 5 1517 0
L 48173 1491 0 290 0 4
S 48173 TOP 5 1491 0
S 48203 TOP 5 1491 0
L 48232 1470 0 286 0 4
S 48232 TOP 5 1470 0
L 48262 1446 0 282 0 4
S 48262 TOP 5 1446 0
S 48292 TOP 5 1446 0
L 48321 1434 0 279 0 4
S 48321 TOP 5 1434 0
L 48351 1428 0 278 0 4
S 48351 TOP 5 1428 0
L 48381 1425 0 278 0 4
S 48381 TOP 5 1425 0
S 48411 TOP 5 1425 0
L 48441 1399 0 272 0 4
S 48441 TOP 5 1399 0
L 48471 1378 0 268 0 4
S 48471 TOP 5 1378 0
L 48501 1352 0 263 0 4
S 48501 TOP 5 1352 0
S 48531 TOP 5 1352 0
L 48561 1327 0 258 0 4
S 48561 TOP 5 1327 0
L 48591 1314 0 256 0 4
S 48591 TOP 5 1314 0
L 48706 1256 0 245 0 4
S 48706 TOP 4 1256 0
L 48763 1184 0 231 0 4
S 48763 TOP 4 1184 0
S 48793 TOP 4 1184 0
S 48823 TOP 4 1184 0
L 48852 1165 0 227 0 4
S 48852 TOP 4 1165 0
S 48882 TOP 4 1165 0
L 48912 1147 0 223 0 4
S 48912 TOP 4 1147 0
L 49026 1064 0 207 0 4
S 49026 TOP 4 1064 0
L 49253 940 0 183 0 4
S 49253 TOP 3 940 0
L 49338 888 0 173 0 4
S 49338 TOP 3 888 0
S 49367 TOP 3 888 0
L 49426 832 0 162 0 4
S 49426 TOP 3 832 0
L 49456 809 0 157 0 4
S 49456 TOP 3 809 0
S 49485 TOP 3 809 0
L 49515 797 0 155 0 4
S 49515 TOP 3 797 0
L 49572 772 0 150 0 4
S 49572 TOP 3 772 0
S 49602 TOP 3 772 0
L 50023 516 0 100 0 4
S 50023 TOP 2 516 0
L 50193 420 0 81 0 4
S 50193 TOP 1 420 0
S 50223 TOP 1 420 0
L 50338 332 0 64 0 4
S 50338 TOP 1 332 0
L 50367 313 0 61 0 4
S 50367 TOP 1 313 0
S 50397 TOP 1 313 0
L 50455 288 0 56 0 4
S 50455 TOP 1 288 0
S 50485 TOP 1 288 0
S 50515 TOP 1 288 0
L 50545 249 0 48 0 4
S 50545 TOP 0 249 0
L 50574 219 0 42 0 4
S 50574 TOP 0 219 0
L 50604 188 0 36 0 4
S 50604 TOP 0 188 0
S 50633 TOP 0 188 0
L 50663 173 0 33 0 4
S 50663 TOP 0 173 0
L 50692 137 0 26 0 4
S 50692 TOP 0 137 0
S 50722 TOP 0 137 0
L 50752 93 0 18 0 4
S 50752 TOP 0 93 0
L 50781 57 0 11 0 4
S 50781 TOP 0 57 0
L 50812 29 0 5 0 4
S 50812 TOP 0 29 0
S 50841 TOP 0 29 0
L 50871 15 0 2 0 4
S 50871 TOP 0 15 0
L 50901 8 0 1 0 4
S 50901 TOP 0 8 0
L 50931 5 0 0 0 4
S 50931 TOP 0 5 0
S 50961 TOP 0 5 0
L 57931 1416 2632 276 307 0
# SWEEP TOP extreme 0 covered 16/16 samples 255 pinned 229
L 60135 0 4095 0 479 9
S 60135 BOTTOM 0 0 4095
S 60166 BOTTOM 0 0 4095
S 60196 BOTTOM 0 0 4095
S 60226 BOTTOM 0 0 4095
S 60256 BOTTOM 0 0 4095
S 60285 BOTTOM 0 0 4095
S 60315 BOTTOM 0 0 4095
S 60374 BOTTOM 0 0 4095
S 60488 BOTTOM 0 0 4095
S 60517 BOTTOM 0 0 4095
L 63442 372 4095 72 479 8
S 63442 BOTTOM 1 372 4095
S 63472 BOTTOM 1 372 4095
L 63502 411 4095 80 479 8
S 63502 BOTTOM 1 411 4095
S 63532 BOTTOM 1 411 4095
S 63561 BOTTOM 1 411 4095
L 63591 441 4095 86 479 8
S 63591 BOTTOM 1 441 4095
L 63873 536 4095 104 479 8
S 63873 BOTTOM 2 536 4095
S 63903 BOTTOM 2 536 4095
L 63932 559 4095 109 479 8
S 63932 BOTTOM 2 559 4095
L 63962 569 4095 111 479 8
S 63962 BOTTOM 2 569 4095
S 63991 BOTTOM 2 569 4095
L 64022 590 4095 115 479 8
S 64022 BOTTOM 2 590 4095
L 64051 608 4095 118 479 8
S 64051 BOTTOM 2 608 4095
L 64279 712 4095 138 479 8
S 64279 BOTTOM 2 712 4095
L 64591 876 4095 170 479 8
S 64591 BOTTOM 3 876 4095
S 64621 BOTTOM 3 876 4095
L 64765 944 4095 184 479 8
S 64765 BOTTOM 3 944 4095
L 64794 991 4095 193 479 8
S 64794 BOTTOM 3 991 4095
L 64994 1116 4095 217 479 8
S 64994 BOTTOM 4 1116 4095
L 65023 1139 4095 222 479 8
S 65023 BOTTOM 4 1139 4095
L 65111 1160 4095 226 479 8
S 65111 BOTTOM 4 1160 4095
S 65141 BOTTOM 4 1160 4095
L 65199 1252 4095 244 479 8
S 65199 BOTTOM 4 1252 4095
L 65371 1328 4095 259 479 8
S 65371 BOTTOM 5 1328 4095
S 65401 BOTTOM 5 1328 4095
L 65431 1347 4095 262 479 8
S 65431 BOTTOM 5 1347 4095
L 65491 1412 4095 275 479 8
S 65491 BOTTOM 5 1412 4095
S 65521 BOTTOM 5 1412 4095
L 65692 1512 4095 295 479 8
S 65692 BOTTOM 5 1512 4095
L 65834 1592 4095 310 479 8
S 65834 BOTTOM 6 1592 4095
S 65864 BOTTOM 6 1592 4095
L 65894 1615 4095 315 479 8
S 65894 BOTTOM 6 1615 4095
S 65923 BOTTOM 6 1615 4095
L 65953 1635 4095 319 479 8
S 65953 BOTTOM 6 1635 4095
S 65983 BOTTOM 6 1635 4095
L 66012 1657 4095 323 479 8
S 66012 BOTTOM 6 1657 4095
L 66323 1816 4095 354 479 8
S 66323 BOTTOM 7 1816 4095
L 66884 2172 4095 423 479 8
S 66884 BOTTOM 8 2172 4095
L 66914 2061 4095 402 479 8
S 66914 BOTTOM 8 2061 4095
S 66944 BOTTOM 8 2061 4095
L 67031 2200 4095 429 479 8
S 67031 BOTTOM 8 2200 4095
S 67061 BOTTOM 8 2200 4095
L 67814 2752 4095 536 479 8
S 67814 BOTTOM 10 2752 4095
S 67844 BOTTOM 10 2752 4095
L 67903 2788 4095 543 479 8
S 67903 BOTTOM 10 2788 4095
L 67991 2832 4095 552 479 8
S 67991 BOTTOM 11 2832 4095
S 68021 BOTTOM 11 2832 4095
L 68051 2859 4095 557 479 8
S 68051 BOTTOM 11 2859 4095
L 68081 2871 4095 560 479 8
S 68081 BOTTOM 11 2871 4095
L 68111 2899 4095 565 479 8
S 68111 BOTTOM 11 2899 4095
S 68141 BOTTOM 11 2899 4095
L 68171 2913 4095 568 479 8
S 68171 BOTTOM 11 2913 4095
S 68202 BOTTOM 11 2913 4095
S 68232 BOTTOM 11 2913 4095
S 68261 BOTTOM 11 2913 4095
S 68291 BOTTOM 11 2913 4095
S 68321 BOTTOM 11 2913 4095
L 68351 3040 4095 593 479 8
S 68351 BOTTOM 11 3040 4095
L 68381 3063 4095 597 479 8
S 68381 BOTTOM 11 3063 4095
S 68411 BOTTOM 11 3063 4095
S 68442 BOTTOM 11 3063 4095
L 68472 3095 4095 603 479 8
S 68472 BOTTOM 12 3095 4095
L 68501 3121 4095 608 479 8
S 68501 BOTTOM 12 3121 4095
L 68531 3134 4095 611 479 8
S 68531 BOTTOM 12 3134 4095
S 68561 BOTTOM 12 3134 4095
S 68591 BOTTOM 12 3134 4095
S 68621 BOTTOM 12 3134 4095
L 68651 3236 4095 631 479 8
S 68651 BOTTOM 12 3236 4095
L 68681 3259 4095 635 479 8
S 68681 BOTTOM 12 3259 4095
S 68711 BOTTOM 12 3259 4095
S 68741 BOTTOM 12 3259 4095
S 68771 BOTTOM 12 3259 4095
S 68801 BOTTOM 12 3259 4095
L 68831 3344 4095 652 479 8
S 68831 BOTTOM 13 3344 4095
L 68861 3383 4095 660 479 8
S 68861 BOTTOM 13 3383 4095
S 68891 BOTTOM 13 3383 4095
S 68921 BOTTOM 13 3383 4095
L 68951 3440 4095 671 479 8
S 68951 BOTTOM 13 3440 4095
L 68981 3455 4095 674 479 8
S 68981 BOTTOM 13 3455 4095
S 69011 BOTTOM 13 3455 4095
S 69042 BOTTOM 13 3455 4095
L 69072 3473 4095 677 479 8
S 69072 BOTTOM 13 3473 4095
S 69102 BOTTOM 13 3473 4095
S 69131 BOTTOM 13 3473 4095
S 69161 BOTTOM 13 3473 4095
S 69192 BOTTOM 13 3473 4095
L 69585 3780 4095 737 479 8
S 69585 BOTTOM 14 3780 4095
L 69757 3916 4095 764 479 8
S 69757 BOTTOM 15 3916 4095
L 69787 3935 4095 767 479 8
S 69787 BOTTOM 15 3935 4095
S 69816 BOTTOM 15 3935 4095
S 69846 BOTTOM 15 3935 4095
L 69876 3947 4095 770 479 8
S 69876 BOTTOM 15 3947 4095
L 69905 3967 4095 774 479 8
S 69905 BOTTOM 15 3967 4095
S 69935 BOTTOM 15 3967 4095
L 69965 3985 4095 777 479 8
S 69965 BOTTOM 15 3985 4095
L 69995 3994 4095 779 479 8
S 69995 BOTTOM 15 3994 4095
L 70024 4022 4095 784 479 8
S 70024 BOTTOM 15 4022 4095
S 70054 BOTTOM 15 4022 4095
L 70083 4036 4095 787 479 8
S 70083 BOTTOM 15 4036 4095
L 70142 4095 4095 799 479 10
S 70142 BOTTOM 15 4095 4095
S 70172 BOTTOM 15 4095 4095
S 70203 BOTTOM 15 4095 4095
S 70233 BOTTOM 15 4095 4095
S 70262 BOTTOM 15 4095 4095
S 70292 BOTTOM 15 4095 4095
S 70322 BOTTOM 15 4095 4095
S 70352 BOTTOM 15 4095 4095
S 70382 BOTTOM 15 4095 4095
S 70412 BOTTOM 15 4095 4095
S 70441 BOTTOM 15 4095 4095
S 70471 BOTTOM 15 4095 4095
S 70501 BOTTOM 15 4095 4095
S 70532 BOTTOM 15 4095 4095
S 70562 BOTTOM 15 4095 4095
S 70592 BOTTOM 15 4095 4095
S 70622 BOTTOM 15 4095 4095
S 70652 BOTTOM 15 4095 4095
S 70681 BOTTOM 15 4095 4095
S 70711 BOTTOM 15 4095 4095
S 70741 BOTTOM 15 4095 4095
L 70772 4089 4095 797 479 8
S 70772 BOTTOM 15 4089 4095
L 70801 4085 4095 797 479 8
S 70801 BOTTOM 15 4085 4095
L 70891 4008 4095 782 479 8
S 70891 BOTTOM 15 4008 4095
L 70921 3961 4095 772 479 8
S 70921 BOTTOM 15 3961 4095
L 70952 3949 4095 770 479 8
S 70952 BOTTOM 15 3949 4095
S 70981 BOTTOM 15 3949 4095
L 71011 3905 4095 761 479 8
S 71011 BOTTOM 15 3905 4095
L 71041 3871 4095 755 479 8
S 71041 BOTTOM 15 3871 4095
L 71072 3826 4095 746 479 8
S 71072 BOTTOM 14 3826 4095
S 71101 BOTTOM 14 3826 4095
L 71161 3672 4095 716 479 8
S 71161 BOTTOM 14 3672 4095
L 71192 3621 4095 706 479 8
S 71192 BOTTOM 14 3621 4095
S 71222 BOTTOM 14 3621 4095
L 71252 3603 4095 703 479 8
S 71252 BOTTOM 14 3603 4095
L 71338 3460 4095 675 479 8
S 71338 BOTTOM 13 3460 4095
L 71368 3409 4095 665 479 8
S 71368 BOTTOM 13 3409 4095
S 71398 BOTTOM 13 3409 4095
S 71427 BOTTOM 13 3409 4095
S 71456 BOTTOM 13 3409 4095
S 71486 BOTTOM 13 3409 4095
S 71515 BOTTOM 13 3409 4095
L 71824 2984 4095 582 479 8
S 71824 BOTTOM 11 2984 4095
S 71854 BOTTOM 11 2984 4095
S 71884 BOTTOM 11 2984 4095
S 71914 BOTTOM 11 2984 4095
S 71943 BOTTOM 11 2984 4095
S 71972 BOTTOM 11 2984 4095
L 72311 2528 4095 493 479 8
S 72311 BOTTOM 9 2528 4095
S 72341 BOTTOM 9 2528 4095
L 72427 2436 4095 475 479 8
S 72427 BOTTOM 9 2436 4095
L 73687 1360 2588 265 302 0
# SWEEP BOTTOM extreme 4095 covered 16/16 samples 160 pinned 160
L 73716 1337 2631 260 307 0
L 76124 0 0 0 0 5
S 76124 LEFT 0 0 0
S 76154 LEFT 0 0 0
S 76183 LEFT 0 0 0
S 76214 LEFT 0 0 0
S 76244 LEFT 0 0 0
S 76273 LEFT 0 0 0
S 76303 LEFT 0 0 0
S 76333 LEFT 0 0 0
S 76362 LEFT 0 0 0
S 76391 LEFT 0 0 0
S 76421 LEFT 0 0 0
L 76451 0 23 0 2 1
S 76451 LEFT 0 0 23
L 76481 0 43 0 5 1
S 76481 LEFT 0 0 43
S 76511 LEFT 0 0 43
L 76541 0 77 0 9 1
S 76541 LEFT 0 0 77
L 76571 0 132 0 15 1
S 76571 LEFT 0 0 132
L 76601 0 179 0 20 1
S 76601 LEFT 0 0 179
S 76631 LEFT 0 0 179
L 76661 0 219 0 25 1
S 76661 LEFT 0 0 219
L 76691 0 255 0 29 1
S 76691 LEFT 0 0 255
L 76721 0 273 0 31 1
S 76721 LEFT 1 0 273
S 76751 LEFT 1 0 273
L 76781 0 304 0 35 1
S 76781 LEFT 1 0 304
L 76811 0 347 0 40 1
S 76811 LEFT 1 0 347
L 76841 0 387 0 45 1
S 76841 LEFT 1 0 387
S 76871 LEFT 1 0 387
L 76901 0 431 0 50 1
S 76901 LEFT 1 0 431
L 76931 0 465 0 54 1
S 76931 LEFT 1 0 465
L 76961 0 524 0 61 1
S 76961 LEFT 2 0 524
S 76991 LEFT 2 0 524
L 77048 0 588 0 68 1
S 77048 LEFT 2 0 588
S 77078 LEFT 2 0 588
S 77107 LEFT 2 0 588
L 77136 0 621 0 72 1
S 77136 LEFT 2 0 621
L 77165 0 660 0 77 1
S 77165 LEFT 2 0 660
S 77195 LEFT 2 0 660
L 77224 0 767 0 89 1
S 77224 LEFT 2 0 767
L 77254 0 797 0 93 1
S 77254 LEFT 3 0 797
L 77283 0 826 0 96 1
S 77283 LEFT 3 0 826
S 77313 LEFT 3 0 826
L 77342 0 850 0 99 1
S 77342 LEFT 3 0 850
L 77372 0 862 0 100 1
S 77372 LEFT 3 0 862
S 77401 LEFT 3 0 862
L 77431 0 882 0 103 1
S 77431 LEFT 3 0 882
L 77461 0 914 0 106 1
S 77461 LEFT 3 0 914
L 77491 0 1002 0 117 1
S 77491 LEFT 3 0 1002
S 77521 LEFT 3 0 1002
L 77551 0 1078 0 126 1
S 77551 LEFT 4 0 1078
L 77581 0 1116 0 130 1
S 77581 LEFT 4 0 1116
L 77611 0 1135 0 132 1
S 77611 LEFT 4 0 1135
S 77641 LEFT 4 0 1135
L 77671 0 1145 0 133 1
S 77671 LEFT 4 0 1145
L 77701 0 1150 0 134 1
S 77701 LEFT 4 0 1150
L 77731 0 1194 0 139 1
S 77731 LEFT 4 0 1194
S 77761 LEFT 4 0 1194
L 77791 0 1250 0 146 1
S 77791 LEFT 4 0 1250
L 77821 0 1318 0 154 1
S 77821 LEFT 5 0 1318
L 77851 0 1352 0 158 1
S 77851 LEFT 5 0 1352
S 77881 LEFT 5 0 1352
L 77911 0 1405 0 164 1
S 77911 LEFT 5 0 1405
L 77941 0 1432 0 167 1
S 77941 LEFT 5 0 1432
L 77971 0 1445 0 169 1
S 77971 LEFT 5 0 1445
S 78001 LEFT 5 0 1445
L 78031 0 1452 0 169 1
S 78031 LEFT 5 0 1452
L 78061 0 1455 0 170 1
S 78061 LEFT 5 0 1455
L 78091 0 1507 0 176 1
S 78091 LEFT 5 0 1507
S 78121 LEFT 5 0 1507
L 78151 0 1585 0 185 1
S 78151 LEFT 6 0 1585
L 78181 0 1654 0 193 1
S 78181 LEFT 6 0 1654
L 78212 0 1702 0 199 1
S 78212 LEFT 6 0 1702
S 78242 LEFT 6 0 1702
L 78271 0 1726 0 201 1
S 78271 LEFT 6 0 1726
L 78301 0 1762 0 206 1
S 78301 LEFT 6 0 1762
L 78331 0 1770 0 207 1
S 78331 LEFT 6 0 1770
S 78361 LEFT 6 0 1770
L 78391 0 1814 0 212 1
S 78391 LEFT 7 0 1814
L 78421 0 1874 0 219 1
S 78421 LEFT 7 0 1874
L 78451 0 1904 0 222 1
S 78451 LEFT 7 0 1904
S 78481 LEFT 7 0 1904
L 78511 0 1943 0 227 1
S 78511 LEFT 7 0 1943
L 78541 0 1993 0 233 1
S 78541 LEFT 7 0 1993
L 78571 0 2018 0 236 1
S 78571 LEFT 7 0 2018
S 78601 LEFT 7 0 2018
L 78631 0 2030 0 237 1
S 78631 LEFT 7 0 2030
L 78661 0 2036 0 238 1
S 78661 LEFT 7 0 2036
L 78691 0 2085 0 243 1
S 78691 LEFT 8 0 2085
S 78721 LEFT 8 0 2085
L 78751 0 2122 0 248 1
S 78751 LEFT 8 0 2122
L 78781 0 2168 0 253 1
S 78781 LEFT 8 0 2168
L 78811 0 2217 0 259 1
S 78811 LEFT 8 0 2217
S 78841 LEFT 8 0 2217
L 78871 0 2250 0 263 1
S 78871 LEFT 8 0 2250
L 78901 0 2292 0 268 1
S 78901 LEFT 8 0 2292
L 78932 0 2325 0 271 1
S 78932 LEFT 9 0 2325
S 78961 LEFT 9 0 2325
L 78991 0 2356 0 275 1
S 78991 LEFT 9 0 2356
L 79021 0 2393 0 279 1
S 79021 LEFT 9 0 2393
L 79051 0 2424 0 283 1
S 79051 LEFT 9 0 2424
S 79081 LEFT 9 0 2424
L 79111 0 2465 0 288 1
S 79111 LEFT 9 0 2465
L 79141 0 2524 0 295 1
S 79141 LEFT 9 0 2524
L 79171 0 2579 0 301 1
S 79171 LEFT 10 0 2579
S 79201 LEFT 10 0 2579
L 79232 0 2607 0 304 1
S 79232 LEFT 10 0 2607
L 79261 0 2635 0 308 1
S 79261 LEFT 10 0 2635
L 79291 0 2649 0 309 1
S 79291 LEFT 10 0 2649
S 79321 LEFT 10 0 2649
L 79351 0 2698 0 315 1
S 79351 LEFT 10 0 2698
L 79381 0 2766 0 323 1
S 79381 LEFT 10 0 2766
L 79411 0 2800 0 327 1
S 79411 LEFT 10 0 2800
S 79441 LEFT 10 0 2800
L 79498 0 2912 0 340 1
S 79498 LEFT 11 0 2912
S 79528 LEFT 11 0 2912
L 79586 0 3004 0 351 1
S 79586 LEFT 11 0 3004
L 79615 0 3079 0 360 1
S 79615 LEFT 12 0 3079
S 79645 LEFT 12 0 3079
S 79675 LEFT 12 0 3079
L 79704 0 3117 0 364 1
S 79704 LEFT 12 0 3117
L 79734 0 3136 0 366 1
S 79734 LEFT 12 0 3136
S 79763 LEFT 12 0 3136
L 79792 0 3165 0 370 1
S 79792 LEFT 12 0 3165
L 79821 0 3194 0 373 1
S 79821 LEFT 12 0 3194
S 79851 LEFT 12 0 3194
L 79881 0 3220 0 376 1
S 79881 LEFT 12 0 3220
L 79911 0 3265 0 381 1
S 79911 LEFT 12 0 3265
L 79941 0 3336 0 390 1
S 79941 LEFT 13 0 3336
S 79971 LEFT 13 0 3336
L 80001 0 3415 0 399 1
S 80001 LEFT 13 0 3415
L 80031 0 3455 0 404 1
S 80031 LEFT 13 0 3455
L 80061 0 3475 0 406 1
S 80061 LEFT 13 0 3475
S 80091 LEFT 13 0 3475
L 80121 0 3507 0 410 1
S 80121 LEFT 13 0 3507
L 80151 0 3549 0 415 1
S 80151 LEFT 13 0 3549
L 80181 0 3596 0 420 1
S 80181 LEFT 14 0 3596
S 80212 LEFT 14 0 3596
L 80242 0 3643 0 426 1
S 80242 LEFT 14 0 3643
L 80271 0 3685 0 431 1
S 80271 LEFT 14 0 3685
L 80301 0 3724 0 435 1
S 80301 LEFT 14 0 3724
S 80331 LEFT 14 0 3724
L 80361 0 3761 0 439 1
S 80361 LEFT 14 0 3761
L 80391 0 3780 0 442 1
S 80391 LEFT 14 0 3780
L 80421 0 3789 0 443 1
S 80421 LEFT 14 0 3789
S 80451 LEFT 14 0 3789
L 80481 0 3820 0 446 1
S 80481 LEFT 14 0 3820
L 80510 0 3847 0 449 1
S 80510 LEFT 14 0 3847
L 80541 0 3937 0 460 1
S 80541 LEFT 15 0 3937
S 80570 LEFT 15 0 3937
L 80600 0 4015 0 469 1
S 80600 LEFT 15 0 4015
L 80629 0 4054 0 474 1
S 80629 LEFT 15 0 4054
L 80660 0 4074 0 476 1
S 80660 LEFT 15 0 4074
S 80689 LEFT 15 0 4074
L 83096 1288 2356 251 275 0
# SWEEP LEFT extreme 0 covered 16/16 samples 151 pinned 151
L 84374 4095 0 799 0 6
S 84374 RIGHT 0 4095 0
S 84461 RIGHT 0 4095 0
S 84491 RIGHT 0 4095 0
S 84521 RIGHT 0 4095 0
S 84551 RIGHT 0 4095 0
S 84581 RIGHT 0 4095 0
S 84611 RIGHT 0 4095 0
S 84641 RIGHT 0 4095 0
S 84671 RIGHT 0 4095 0
S 84701 RIGHT 0 4095 0
S 84731 RIGHT 0 4095 0
S 84762 RIGHT 0 4095 0
S 84792 RIGHT 0 4095 0
S 84822 RIGHT 0 4095 0
L 84851 4095 27 799 3 2
S 84851 RIGHT 0 4095 27
L 84881 4095 37 799 4 2
S 84881 RIGHT 0 4095 37
S 84911 RIGHT 0 4095 37
L 84941 4095 78 799 9 2
S 84941 RIGHT 0 4095 78
L 84971 4095 126 799 14 2
S 84971 RIGHT 0 4095 126
L 85001 4095 208 799 24 2
S 85001 RIGHT 0 4095 208
S 85031 RIGHT 0 4095 208
L 85061 4095 249 799 29 2
S 85061 RIGHT 0 4095 249
L 85091 4095 270 799 31 2
S 85091 RIGHT 1 4095 270
L 85121 4095 296 799 34 2
S 85121 RIGHT 1 4095 296
S 85151 RIGHT 1 4095 296
L 85181 4095 349 799 40 2
S 85181 RIGHT 1 4095 349
L 85211 4095 442 799 51 2
S 85211 RIGHT 1 4095 442
L 85298 4095 584 799 68 2
S 85298 RIGHT 2 4095 584
L 85327 4095 635 799 74 2
S 85327 RIGHT 2 4095 635
L 85357 4095 675 799 78 2
S 85357 RIGHT 2 4095 675
S 85386 RIGHT 2 4095 675
L 85415 4095 757 799 88 2
S 85415 RIGHT 2 4095 757
L 85445 4095 816 799 95 2
S 85445 RIGHT 3 4095 816
L 85474 4095 845 799 98 2
S 85474 RIGHT 3 4095 845
S 85504 RIGHT 3 4095 845
L 85533 4095 860 799 100 2
S 85533 RIGHT 3 4095 860
L 85562 4095 919 799 107 2
S 85562 RIGHT 3 4095 919
S 85592 RIGHT 3 4095 919
L 85622 4095 1021 799 119 2
S 85622 RIGHT 3 4095 1021
L 85652 4095 1082 799 126 2
S 85652 RIGHT 4 4095 1082
L 85682 4095 1124 799 131 2
S 85682 RIGHT 4 4095 1124
S 85711 RIGHT 4 4095 1124
L 85741 4095 1201 799 140 2
S 85741 RIGHT 4 4095 1201
L 85771 4095 1312 799 153 2
S 85771 RIGHT 5 4095 1312
L 85801 4095 1385 799 162 2
S 85801 RIGHT 5 4095 1385
S 85831 RIGHT 5 4095 1385
L 85861 4095 1422 799 166 2
S 85861 RIGHT 5 4095 1422
L 85891 4095 1440 799 168 2
S 85891 RIGHT 5 4095 1440
L 85921 4095 1517 799 177 2
S 85921 RIGHT 5 4095 1517
S 85951 RIGHT 5 4095 1517
L 85981 4095 1604 799 187 2
S 85981 RIGHT 6 4095 1604
L 86011 4095 1671 799 195 2
S 86011 RIGHT 6 4095 1671
L 86041 4095 1705 799 199 2
S 86041 RIGHT 6 4095 1705
S 86071 RIGHT 6 4095 1705
L 86101 4095 1746 799 204 2
S 86101 RIGHT 6 4095 1746
L 86131 4095 1808 799 211 2
S 86131 RIGHT 7 4095 1808
L 86161 4095 1919 799 224 2
S 86161 RIGHT 7 4095 1919
S 86191 RIGHT 7 4095 1919
L 86248 4095 2052 799 240 2
S 86248 RIGHT 8 4095 2052
S 86277 RIGHT 8 4095 2052
L 86306 4095 2111 799 246 2
S 86306 RIGHT 8 4095 2111
L 86336 4095 2169 799 253 2
S 86336 RIGHT 8 4095 2169
L 86365 4095 2254 799 263 2
S 86365 RIGHT 8 4095 2254
S 86394 RIGHT 8 4095 2254
L 86424 4095 2296 799 268 2
S 86424 RIGHT 8 4095 2296
L 86453 4095 2341 799 273 2
S 86453 RIGHT 9 4095 2341
L 86482 4095 2434 799 284 2
S 86482 RIGHT 9 4095 2434
S 86512 RIGHT 9 4095 2434
L 86541 4095 2528 799 295 2
S 86541 RIGHT 9 4095 2528
L 86571 4095 2575 799 301 2
S 86571 RIGHT 10 4095 2575
S 86601 RIGHT 10 4095 2575
L 86631 4095 2599 799 304 2
S 86631 RIGHT 10 4095 2599
L 86661 4095 2649 799 309 2
S 86661 RIGHT 10 4095 2649
L 86691 4095 2752 799 321 2
S 86691 RIGHT 10 4095 2752
S 86721 RIGHT 10 4095 2752
L 86751 4095 2837 799 331 2
S 86751 RIGHT 11 4095 2837
L 86781 4095 2864 799 335 2
S 86781 RIGHT 11 4095 2864
L 86811 4095 2895 799 338 2
S 86811 RIGHT 11 4095 2895
S 86841 RIGHT 11 4095 2895
L 86871 4095 2911 799 340 2
S 86871 RIGHT 11 4095 2911
L 86928 4095 3216 799 376 2
S 86928 RIGHT 12 4095 3216
S 86957 RIGHT 12 4095 3216
S 86986 RIGHT 12 4095 3216
L 87016 4095 3207 799 375 2
S 87016 RIGHT 12 4095 3207
L 87045 4095 3210 799 375 2
S 87045 RIGHT 12 4095 3210
S 87074 RIGHT 12 4095 3210
L 87133 4095 3496 799 408 2
S 87133 RIGHT 13 4095 3496
S 87162 RIGHT 13 4095 3496
S 87191 RIGHT 13 4095 3496
S 87222 RIGHT 13 4095 3496
L 87363 4095 3800 799 444 2
S 87363 RIGHT 14 4095 3800
S 87392 RIGHT 14 4095 3800
S 87421 RIGHT 14 4095 3800
S 87451 RIGHT 14 4095 3800
S 87481 RIGHT 14 4095 3800
L 87511 4095 3819 799 446 2
S 87511 RIGHT 14 4095 3819
L 87625 4095 4095 799 479 10
S 87625 RIGHT 15 4095 4095
S 87654 RIGHT 15 4095 4095
S 87684 RIGHT 15 4095 4095
S 87713 RIGHT 15 4095 4095
S 87743 RIGHT 15 4095 4095
S 87773 RIGHT 15 4095 4095
S 87802 RIGHT 15 4095 4095
L 89439 1416 2632 276 307 0
# SWEEP RIGHT extreme 4095 covered 16/16 samples 103 pinned 103
# 
# === EDGE SWEEP: what raw does the physical edge emit? ===
# TOP     raw_y min     0 / 0   +0 counts from the limit   PINNED
#         covered 16/16 buckets, 255 samples, 229 pinned
#         per-bucket extreme: 0 0 0 0 0 0 0 0 0 0 0 0 0 0 0 0
# BOTTOM  raw_y max  4095 / 4095   +0 counts from the limit   PINNED
#         covered 16/16 buckets, 160 samples, 160 pinned
#         per-bucket extreme: 4095 4095 4095 4095 4095 4095 4095 4095 4095 4095 4095 4095 4095 4095 4095 4095
# LEFT    raw_x min     0 / 0   +0 counts from the limit   PINNED
#         covered 16/16 buckets, 151 samples, 151 pinned
#         per-bucket extreme: 0 0 0 0 0 0 0 0 0 0 0 0 0 0 0 0
# RIGHT   raw_x max  4095 / 4095   +0 counts from the limit   PINNED
#         covered 16/16 buckets, 103 samples, 103 pinned
#         per-bucket extreme: 4095 4095 4095 4095 4095 4095 4095 4095 4095 4095 4095 4095 4095 4095 4095 4095
L 108863 2832 2420 552 283 0
L 114868 2204 3940 430 460 0
L 115848 2164 3812 422 445 0
L 115906 2148 3800 419 444 0
L 125684 2140 0 417 0 4
I 125684 TOP 11 0 2140 0
L 125768 2144 0 418 0 4
L 126044 2096 0 408 0 4
I 126044 TOP 11 1 2096 0
L 126103 2115 0 412 0 4
L 126411 2064 0 402 0 4
I 126411 TOP 11 2 2064 0
# INSET TOP panel 11 median 0
L 126497 2092 0 408 0 4
I 126828 TOP 21 0 2092 0
L 127272 2044 0 398 0 4
I 127272 TOP 21 1 2044 0
L 127748 2100 0 409 0 4
I 127748 TOP 21 2 2100 0
# INSET TOP panel 21 median 0
L 128275 2064 0 402 0 4
I 128275 TOP 31 0 2064 0
L 128306 2045 0 399 0 4
L 128335 2061 79 402 9 0
L 128748 2064 20 402 2 0
I 128748 TOP 31 1 2064 20
L 129168 2044 20 398 2 0
I 129168 TOP 31 2 2044 20
# INSET TOP panel 31 median 20
L 129197 2067 59 403 6 0
L 129255 2057 51 401 5 0
L 129284 2051 32 400 3 0
L 129673 2044 292 398 34 0
I 129673 TOP 46 0 2044 292
I 130036 TOP 46 1 2044 292
L 130065 2044 257 398 30 0
L 130095 2044 273 398 31 0
L 130152 2044 282 398 32 0
L 130458 2044 292 398 34 0
I 130458 TOP 46 2 2044 292
# INSET TOP panel 46 median 292
L 130907 2044 348 398 40 0
I 130907 TOP 66 0 2044 348
L 130965 2044 313 398 36 0
L 131741 2056 420 401 49 0
I 131741 TOP 66 1 2056 420
L 131771 2056 401 401 46 0
L 132187 2072 468 404 54 0
I 132187 TOP 66 2 2072 468
# INSET TOP panel 66 median 420
L 134766 1888 4095 368 479 8
I 134766 BOTTOM 465 0 1888 4095
L 135238 1876 4095 366 479 8
I 135238 BOTTOM 465 1 1876 4095
I 135712 BOTTOM 465 2 1876 4095
# INSET BOTTOM panel 465 median 4095
L 136211 1888 4095 368 479 8
I 136211 BOTTOM 455 0 1888 4095
I 136632 BOTTOM 455 1 1888 4095
I 137028 BOTTOM 455 2 1888 4095
# INSET BOTTOM panel 455 median 4095
I 137563 BOTTOM 445 0 1888 4095
I 137958 BOTTOM 445 1 1888 4095
I 138381 BOTTOM 445 2 1888 4095
# INSET BOTTOM panel 445 median 4095
L 138411 1888 4073 368 476 0
L 138440 1888 4082 368 477 0
L 138498 1888 4088 368 478 0
L 138527 1888 4091 368 478 0
L 138887 1908 3912 372 457 0
I 138887 BOTTOM 430 0 1908 3912
L 138998 1916 3896 373 455 0
L 139275 1916 3832 373 448 0
I 139275 BOTTOM 430 1 1916 3832
L 139364 1916 3817 373 446 0
L 139393 1916 3809 373 445 0
L 139725 1888 3824 368 447 0
I 139725 BOTTOM 430 2 1888 3824
# INSET BOTTOM panel 430 median 3832
L 139783 1888 3801 368 444 0
L 139871 1920 3828 374 447 0
L 140234 1888 3800 368 444 0
I 140234 BOTTOM 410 0 1888 3800
L 140321 1899 3800 370 444 0
L 140351 1905 3793 371 443 0
L 140411 1900 3789 370 443 0
L 140688 1892 3720 369 435 0
I 140688 BOTTOM 410 1 1892 3720
L 140717 1892 3743 369 437 0
L 140746 1892 3735 369 436 0
L 140804 1892 3742 369 437 0
L 141057 1888 3800 368 444 0
I 141057 BOTTOM 410 2 1888 3800
# INSET BOTTOM panel 410 median 3800
L 141172 1888 3793 368 443 0
L 143463 0 2340 0 273 1
I 143463 LEFT 0 0 0 2340
L 143607 0 2375 0 277 1
L 143909 0 2340 0 273 1
I 143909 LEFT 0 1 0 2340
L 144053 0 2353 0 275 1
L 144385 0 2340 0 273 1
I 144385 LEFT 0 2 0 2340
# INSET LEFT panel 0 median 0
L 144414 0 2363 0 276 1
L 144497 0 2384 0 278 1
L 144885 36 2340 7 273 0
I 144885 LEFT 10 0 36 2340
L 144914 36 2379 7 278 0
L 144972 36 2373 7 277 0
L 145248 0 2340 0 273 1
I 145248 LEFT 10 1 0 2340
L 145335 0 2367 0 276 1
L 145364 0 2355 0 275 1
L 145698 0 2340 0 273 1
I 145698 LEFT 10 2 0 2340
# INSET LEFT panel 10 median 0
L 145844 0 2351 0 275 1
L 146148 12 2340 2 273 0
I 146148 LEFT 20 0 12 2340
L 146206 27 2371 5 277 0
L 146235 27 2357 5 275 0
L 146264 27 2361 5 276 0
L 146322 27 2364 5 276 0
L 146546 72 2364 14 276 0
I 146546 LEFT 20 1 72 2364
L 146575 72 2345 14 274 0
L 146661 47 2345 9 274 0
L 146964 104 2340 20 273 0
I 146964 LEFT 20 2 104 2340
# INSET LEFT panel 20 median 72
L 147111 113 2340 22 273 0
L 147416 156 2340 30 273 0
I 147416 LEFT 35 0 156 2340
L 147560 156 2328 30 272 0
L 147837 156 2304 30 269 0
I 147837 LEFT 35 1 156 2304
L 147895 156 2297 30 268 0
L 147952 156 2293 30 268 0
L 148227 156 2264 30 264 0
I 148227 LEFT 35 2 156 2264
# INSET LEFT panel 35 median 156
L 148285 156 2295 30 268 0
L 148343 156 2281 30 266 0
L 148922 300 2340 58 273 0
I 148922 LEFT 55 0 300 2340
L 149288 292 2308 56 269 0
I 149288 LEFT 55 1 292 2308
L 149317 292 2347 56 274 0
L 149348 283 2333 55 272 0
L 149406 278 2325 54 271 0
L 149659 232 2264 45 264 0
I 149659 LEFT 55 2 232 2264
# INSET LEFT panel 55 median 292
L 149689 232 2323 45 271 0
L 151304 4095 2044 799 239 2
I 151304 RIGHT 799 0 4095 2044
L 151751 4095 2020 799 236 2
I 151751 RIGHT 799 1 4095 2020
L 151837 4095 2011 799 235 2
L 151867 4095 2024 799 236 2
L 152197 4095 1984 799 232 2
I 152197 RIGHT 799 2 4095 1984
# INSET RIGHT panel 799 median 4095
L 152285 4095 1995 799 233 2
L 152726 4095 2044 799 239 2
I 152726 RIGHT 789 0 4095 2044
L 152871 4095 2087 799 244 2
L 153175 4095 2044 799 239 2
I 153175 RIGHT 789 1 4095 2044
L 153204 4095 2119 799 247 2
L 153292 4095 2111 799 246 2
L 153568 4095 2044 799 239 2
I 153568 RIGHT 789 2 4095 2044
# INSET RIGHT panel 789 median 4095
L 153684 4080 2044 796 239 0
L 153712 4094 2091 798 244 0
L 154046 4060 2044 792 239 0
I 154046 RIGHT 779 0 4060 2044
L 154075 4021 2044 784 239 0
L 154406 4004 2044 781 239 0
I 154406 RIGHT 779 1 4004 2044
L 154493 4024 2072 785 242 0
L 154551 4005 2072 781 242 0
L 154854 4076 2044 795 239 0
I 154854 RIGHT 779 2 4076 2044
# INSET RIGHT panel 779 median 4060
L 154884 4037 2044 787 239 0
L 154912 4037 2053 787 240 0
L 155301 3936 2052 767 240 0
I 155301 RIGHT 764 0 3936 2052
L 155417 3936 2063 767 241 0
L 155667 3936 2044 767 239 0
I 155667 RIGHT 764 1 3936 2044
L 155725 3936 2071 767 242 0
L 155754 3936 2059 767 240 0
L 155783 3936 2052 767 240 0
L 156034 3936 2044 767 239 0
I 156034 RIGHT 764 2 3936 2044
# INSET RIGHT panel 764 median 3936
L 156121 3936 2051 767 239 0
L 156483 3872 2108 755 246 0
I 156483 RIGHT 744 0 3872 2108
L 156567 3884 2136 757 249 0
L 156846 3780 2088 737 244 0
I 156846 RIGHT 744 1 3780 2088
L 156875 3811 2131 743 249 0
L 156933 3811 2143 743 250 0
L 157236 3800 2084 741 243 0
I 157236 RIGHT 744 2 3800 2084
# INSET RIGHT panel 744 median 3800
# 
# === INWARD STEP: where does raw reach the limit? ===
# TOP     raw_y, limit 0 (min)
#         panel   11   raw     0
#         panel   21   raw     0   slope  -0.00 raw/px   <- FLAT (saturated)
#         panel   31   raw    20   slope   2.00 raw/px
#         panel   46   raw   292   slope  18.13 raw/px
#         panel   66   raw   420   slope   6.40 raw/px
#      => interior-side slope 6.40 raw/px; raw 0 reached at panel 0
#         (the calibration currently assumes panel 0)
# BOTTOM  raw_y, limit 4095 (max)
#         panel  465   raw  4095
#         panel  455   raw  4095   slope   0.00 raw/px   <- FLAT (saturated)
#         panel  445   raw  4095   slope   0.00 raw/px   <- FLAT (saturated)
#         panel  430   raw  3832   slope  17.53 raw/px
#         panel  410   raw  3800   slope   1.60 raw/px
#      => interior-side slope 1.60 raw/px; raw 4095 reached at panel 594
#         (the calibration currently assumes panel H-1)
# LEFT    raw_x, limit 0 (min)
#         panel    0   raw     0
#         panel   10   raw     0   slope  -0.00 raw/px   <- FLAT (saturated)
#         panel   20   raw    72   slope   7.20 raw/px
#         panel   35   raw   156   slope   5.60 raw/px
#         panel   55   raw   292   slope   6.80 raw/px
#      => interior-side slope 6.80 raw/px; raw 0 reached at panel 12
#         (the calibration currently assumes panel 0)
# RIGHT   raw_x, limit 4095 (max)
#         panel  799   raw  4095
#         panel  789   raw  4095   slope   0.00 raw/px   <- FLAT (saturated)
#         panel  779   raw  4060   slope   3.50 raw/px
#         panel  764   raw  3936   slope   8.27 raw/px
#         panel  744   raw  3800   slope   6.80 raw/px
#      => interior-side slope 6.80 raw/px; raw 4095 reached at panel 787
#         (the calibration currently assumes panel W-1)
L 157284 3800 2131 741 249 0
L 157316 3800 2115 741 247 0
L 205286 2044 2576 398 301 0
L 206858 2072 2408 404 281 0
L 206956 2065 2421 402 283 0
L 207945 2092 2584 408 302 0
L 208166 2060 2364 401 276 0
L 208788 2832 2360 552 276 0
L 208816 2832 2431 552 284 0
L 208874 2832 2387 552 279 0
L 212791 2204 3800 430 444 0
L 212851 2173 3800 423 444 0
L 212881 2183 3800 425 444 0
L 217368 2204 0 430 0 4
I 217368 TOP 11 0 2204 0
L 217427 2189 0 427 0 4
L 218346 2204 0 430 0 4
I 218346 TOP 11 1 2204 0
L 218375 2173 0 423 0 4
L 218404 2163 0 422 0 4
L 218463 2170 0 423 0 4
L 218493 2174 0 424 0 4
L 218771 2200 0 429 0 4
I 218771 TOP 11 2 2200 0
# INSET TOP panel 11 median 0
L 218861 2185 0 426 0 4
L 218891 2177 0 424 0 4
L 218951 2173 0 423 0 4
L 218981 2187 0 426 0 4
L 219509 2204 0 430 0 4
I 219509 TOP 21 0 2204 0
I 219963 TOP 21 1 2204 0
I 220447 TOP 21 2 2204 0
# INSET TOP panel 21 median 0
I 220986 TOP 31 0 2204 0
L 221015 2161 0 421 0 4
L 221073 2181 0 425 0 4
L 221103 2192 0 427 0 4
L 221132 2197 0 428 0 4
L 221191 2200 0 429 0 4
L 221553 2200 248 429 29 0
I 221553 TOP 31 1 2200 248
L 221666 2184 236 426 27 0
L 221917 2204 0 430 0 4
I 221917 TOP 31 2 2204 0
# INSET TOP panel 31 median 0
L 222447 2204 292 430 34 0
I 222447 TOP 46 0 2204 292
I 222867 TOP 46 1 2204 292
L 222983 2204 269 430 31 0
L 223318 2204 292 430 34 0
I 223318 TOP 46 2 2204 292
# INSET TOP panel 46 median 292
L 225502 2128 2632 415 307 0
L 226523 2044 2632 398 307 0
L 226640 2044 2639 398 308 0
L 227056 2044 2532 398 296 0
L 227471 2044 2604 398 304 0
L 227861 2044 2584 398 302 0
L 228744 2816 2512 549 293 0
L 228801 2816 2469 549 288 0
L 230162 2204 3800 430 444 0
L 233721 2204 0 430 0 4
I 233721 TOP 11 0 2204 0
L 234685 2216 0 432 0 4
I 234685 TOP 11 1 2216 0
L 235758 2204 0 430 0 4
I 235758 TOP 11 2 2204 0
# INSET TOP panel 11 median 0
I 236922 TOP 21 0 2204 0
I 237345 TOP 21 1 2204 0
I 237802 TOP 21 2 2204 0
# INSET TOP panel 21 median 0
L 238723 2204 208 430 24 0
I 238723 TOP 31 0 2204 208
L 238781 2204 231 430 27 0
L 238811 2204 213 430 24 0
L 238868 2204 203 430 23 0
L 238897 2204 198 430 23 0
L 239177 2204 0 430 0 4
I 239177 TOP 31 1 2204 0
I 239567 TOP 31 2 2204 0
# INSET TOP panel 31 median 0
L 240208 2204 292 430 34 0
I 240208 TOP 46 0 2204 292
L 240237 2204 253 430 29 0
L 240295 2204 271 430 31 0
L 240324 2204 281 430 32 0
L 240353 2204 286 430 33 0
L 240633 2204 292 430 34 0
I 240633 TOP 46 1 2204 292
I 241027 TOP 46 2 2204 292
# INSET TOP panel 46 median 292
I 241228 TOP 66 0 2204 292
L 241922 2204 456 430 53 0
I 241922 TOP 66 1 2204 456
L 242008 2204 452 430 52 0
L 242095 2204 517 430 60 0
L 242426 2204 408 430 47 0
I 242426 TOP 66 2 2204 408
# INSET TOP panel 66 median 408
L 244413 1996 4095 389 479 8
I 244413 BOTTOM 465 0 1996 4095
L 244443 2015 4077 393 476 0
L 244472 2005 4084 391 477 0
L 244530 1999 4089 390 478 0
L 245193 1996 4095 389 479 8
I 245193 BOTTOM 465 1 1996 4095
L 245252 1973 4095 384 479 8
L 245587 2000 4095 390 479 8
I 245587 BOTTOM 465 2 2000 4095
# INSET BOTTOM panel 465 median 4095
L 246258 2036 4095 397 479 8
I 246258 BOTTOM 455 0 2036 4095
L 246656 2032 4095 396 479 8
I 246656 BOTTOM 455 1 2032 4095
L 247023 2044 4095 398 479 8
I 247023 BOTTOM 455 2 2044 4095
# INSET BOTTOM panel 455 median 4095
I 247615 BOTTOM 445 0 2044 4095
L 247701 2044 4076 398 476 0
L 247758 2044 4094 398 478 0
L 248009 2044 4084 398 477 0
I 248009 BOTTOM 445 1 2044 4084
L 248038 2044 4069 398 475 0
L 248542 2044 3996 398 467 0
I 248542 BOTTOM 445 2 2044 3996
# INSET BOTTOM panel 445 median 4084
L 248572 2044 4027 398 471 0
L 248631 2044 4060 398 474 0
L 249238 2044 3800 398 444 0
I 249238 BOTTOM 430 0 2044 3800
L 249325 2044 3809 398 445 0
L 249411 2044 3800 398 444 0
L 249587 2044 3813 398 446 0
L 249727 2044 3800 398 444 0
I 249727 BOTTOM 430 1 2044 3800
I 250096 BOTTOM 430 2 2044 3800
# INSET BOTTOM panel 430 median 3800
L 250736 2044 3768 398 440 0
I 250736 BOTTOM 410 0 2044 3768
L 250881 2044 3755 398 439 0
L 251132 2044 3768 398 440 0
I 251132 BOTTOM 410 1 2044 3768
L 251191 2044 3749 398 438 0
L 251221 2044 3731 398 436 0
L 251278 2044 3764 398 440 0
L 251528 2044 3740 398 437 0
I 251528 BOTTOM 410 2 2044 3740
# INSET BOTTOM panel 410 median 3768
L 251588 2044 3709 398 433 0
L 253344 0 2044 0 239 1
I 253344 LEFT 0 0 0 2044
L 253431 0 2053 0 240 1
L 253461 0 2050 0 239 1
L 253742 0 2044 0 239 1
I 253742 LEFT 0 1 0 2044
L 253828 0 2096 0 245 1
L 253857 0 2045 0 239 1
L 254134 0 2088 0 244 1
I 254134 LEFT 0 2 0 2088
# INSET LEFT panel 0 median 0
L 254192 0 2045 0 239 1
L 254747 8 2208 1 258 0
I 254747 LEFT 10 0 8 2208
L 254805 8 2227 1 260 0
L 255163 0 2220 0 259 1
I 255163 LEFT 10 1 0 2220
L 255522 16 2180 3 254 0
I 255522 LEFT 10 2 16 2180
# INSET LEFT panel 10 median 8
L 255581 16 2227 3 260 0
L 255611 16 2219 3 259 0
L 256110 88 2240 17 262 0
I 256110 LEFT 20 0 88 2240
L 256226 88 2257 17 264 0
L 256503 72 2192 14 256 0
I 256503 LEFT 20 1 72 2192
L 256561 72 2227 14 260 0
L 256842 48 2120 9 247 0
I 256842 LEFT 20 2 48 2120
# INSET LEFT panel 20 median 72
L 256901 48 2175 9 254 0
L 257398 156 2292 30 268 0
I 257398 LEFT 35 0 156 2292
L 257513 156 2315 30 270 0
L 257573 156 2309 30 270 0
L 257796 156 2216 30 259 0
I 257796 LEFT 35 1 156 2216
L 257824 156 2255 30 263 0
L 257882 156 2265 30 264 0
L 258132 184 2168 35 253 0
I 258132 LEFT 35 2 184 2168
# INSET LEFT panel 35 median 156
L 258191 184 2203 35 257 0
L 258221 184 2187 35 255 0
L 258748 312 2332 60 272 0
I 258748 LEFT 55 0 312 2332
L 258836 312 2341 60 273 0
L 258865 312 2346 60 274 0
L 259086 312 2340 60 273 0
I 259086 LEFT 55 1 312 2340
L 259396 276 2300 53 269 0
I 259396 LEFT 55 2 276 2300
# INSET LEFT panel 55 median 312
L 259425 276 2331 53 272 0
L 259454 293 2331 57 272 0
L 260583 4095 2044 799 239 2
I 260583 RIGHT 799 0 4095 2044
L 260641 4095 2059 799 240 2
L 261002 4095 2044 799 239 2
I 261002 RIGHT 799 1 4095 2044
I 261335 RIGHT 799 2 4095 2044
# INSET RIGHT panel 799 median 4095
L 262523 4095 2280 799 266 2
I 262523 RIGHT 789 0 4095 2280
L 262582 4095 2241 799 262 2
L 262612 4095 2269 799 265 2
L 262891 4095 2340 799 273 2
I 262891 RIGHT 789 1 4095 2340
L 262952 4095 2319 799 271 2
L 263232 4095 2288 799 267 2
I 263232 RIGHT 789 2 4095 2288
# INSET RIGHT panel 789 median 4095
L 263291 4095 2327 799 272 2
L 263321 4095 2283 799 267 2
L 263351 4095 2276 799 266 2
L 263795 3948 2340 770 273 0
I 263795 RIGHT 779 0 3948 2340
L 264158 3936 2340 767 273 0
I 264158 RIGHT 779 1 3936 2340
L 264216 3979 2371 776 277 0
L 264245 3993 2357 779 275 0
L 264548 4020 2340 784 273 0
I 264548 RIGHT 779 2 4020 2340
# INSET RIGHT panel 779 median 3948
L 265164 3936 2340 767 273 0
I 265164 RIGHT 764 0 3936 2340
L 265280 3936 2349 767 274 0
L 265308 3936 2354 767 275 0
L 265532 3936 2340 767 273 0
I 265532 RIGHT 764 1 3936 2340
L 265562 3936 2359 767 275 0
L 265681 3936 2351 767 275 0
L 265961 3936 2340 767 273 0
I 265961 RIGHT 764 2 3936 2340
# INSET RIGHT panel 764 median 3936
L 266018 3936 2349 767 274 0
L 266076 3936 2354 767 275 0
L 266574 3876 2424 756 283 0
I 266574 RIGHT 744 0 3876 2424
L 266603 3876 2439 756 285 0
L 266661 3905 2415 761 282 0
L 266691 3894 2434 759 284 0
L 266748 3888 2434 758 284 0
L 266971 3876 2456 756 287 0
I 266971 RIGHT 744 1 3876 2456
L 267030 3849 2456 751 287 0
L 267059 3855 2465 752 288 0
L 267088 3859 2470 752 288 0
L 267146 3861 2445 753 285 0
L 267314 3780 2436 737 284 0
I 267314 RIGHT 744 2 3780 2436
# INSET RIGHT panel 744 median 3876
# 
# === INWARD STEP: where does raw reach the limit? ===
# TOP     raw_y, limit 0 (min)
#         panel   11   raw     0
#         panel   21   raw     0   slope  -0.00 raw/px   <- FLAT (saturated)
#         panel   31   raw     0   slope  -0.00 raw/px   <- FLAT (saturated)
#         panel   46   raw   292   slope  19.47 raw/px
#         panel   66   raw   408   slope   5.80 raw/px
#      => interior-side slope 5.80 raw/px; raw 0 reached at panel -4
#         (the calibration currently assumes panel 0)
# BOTTOM  raw_y, limit 4095 (max)
#         panel  465   raw  4095
#         panel  455   raw  4095   slope   0.00 raw/px   <- FLAT (saturated)
#         panel  445   raw  4084   slope   1.10 raw/px
#         panel  430   raw  3800   slope  18.93 raw/px
#         panel  410   raw  3768   slope   1.60 raw/px
#      => interior-side slope 1.60 raw/px; raw 4095 reached at panel 614
#         (the calibration currently assumes panel H-1)
# LEFT    raw_x, limit 0 (min)
#         panel    0   raw     0
#         panel   10   raw     8   slope   0.80 raw/px
#         panel   20   raw    72   slope   6.40 raw/px
#         panel   35   raw   156   slope   5.60 raw/px
#         panel   55   raw   312   slope   7.80 raw/px
#      => interior-side slope 7.80 raw/px; raw 0 reached at panel 15
#         (the calibration currently assumes panel 0)
# RIGHT   raw_x, limit 4095 (max)
#         panel  799   raw  4095
#         panel  789   raw  4095   slope   0.00 raw/px   <- FLAT (saturated)
#         panel  779   raw  3948   slope  14.70 raw/px
#         panel  764   raw  3936   slope   0.80 raw/px
#         panel  744   raw  3876   slope   3.00 raw/px
#      => interior-side slope 3.00 raw/px; raw 4095 reached at panel 817
#         (the calibration currently assumes panel W-1)
L 267361 3780 2459 737 287 0
L 267394 3795 2459 740 287 0
L 267426 3803 2459 742 287 0
L 267492 3807 2453 742 286 0
L 270144 2832 2632 552 307 0
L 271643 3604 3788 703 443 0
L 273679 784 2068 152 241 0
T 273679 0 150 240 784 2068
L 273705 769 2068 150 241 0
L 273758 769 2077 150 242 0
L 273785 769 2082 150 243 0
L 276673 716 2044 139 239 0
T 276673 0 150 240 716 2044
L 276726 771 2091 150 244 0
L 276929 784 2044 152 239 0
T 276929 0 150 240 784 2044
L 276956 784 2131 152 249 0
L 277009 784 2105 152 246 0
L 277890 2044 2044 398 239 0
T 277890 1 400 240 2044 2044
T 278197 1 400 240 2044 2044
T 278626 1 400 240 2044 2044
L 279608 3348 2044 653 239 0
T 279608 2 650 240 3348 2044
L 279915 3308 2044 645 239 0
T 279915 2 650 240 3308 2044
L 279967 3308 2075 645 242 0
L 280172 3312 2044 646 239 0
T 280172 2 650 240 3312 2044
L 280197 3327 2044 649 239 0
L 281406 2044 876 398 102 0
T 281406 3 400 120 2044 876
T 281743 3 400 120 2044 876
T 281996 3 400 120 2044 876
L 282957 2044 3216 398 376 0
T 282957 4 400 360 2044 3216
T 283240 4 400 360 2044 3216
L 283321 2044 3195 398 373 0
L 283497 2044 3216 398 376 0
T 283497 4 400 360 2044 3216
L 283551 2044 3193 398 373 0
L 284884 1020 1176 199 137 0
T 284884 5 200 150 1020 1176
L 284964 1020 1185 199 138 0
L 285166 1032 1168 201 136 0
T 285166 5 200 150 1032 1168
L 285220 1017 1168 198 136 0
L 285398 996 1168 194 136 0
T 285398 5 200 150 996 1168
L 285477 1023 1168 199 136 0
L 286738 3040 2924 593 342 0
T 286738 6 600 330 3040 2924
L 287096 3076 2924 600 342 0
T 287096 6 600 330 3076 2924
L 287326 3136 2924 611 342 0
T 287326 6 600 330 3136 2924
L 289147 100 2044 19 239 0
T 289147 7 20 240 100 2044
L 289174 100 2067 19 241 0
L 289406 24 2044 4 239 0
T 289406 7 20 240 24 2044
L 289433 39 2067 7 241 0
L 289485 39 2097 7 245 0
L 289665 36 2044 7 239 0
T 289665 7 20 240 36 2044
L 289692 51 2103 9 245 0
L 291197 4024 2068 785 241 0
T 291197 8 780 240 4024 2068
L 291453 4084 2044 796 239 0
T 291453 8 780 240 4084 2044
L 291506 4084 2131 796 249 0
L 291690 4052 2044 790 239 0
T 291690 8 780 240 4052 2044
L 291743 4052 2091 790 244 0
L 291768 4052 2069 790 242 0
L 293274 2044 0 398 0 4
T 293274 9 400 22 2044 0
T 293561 9 400 22 2044 0
T 293818 9 400 22 2044 0
L 295453 2044 4095 398 479 8
T 295453 10 400 458 2044 4095
T 295735 10 400 458 2044 4095
T 295996 10 400 458 2044 4095
L 305688 1844 0 359 0 4
L 305744 1821 0 355 0 4
L 305771 1831 0 357 0 4
L 305826 1837 0 358 0 4
L 305854 1840 0 359 0 4
L 305907 1841 0 359 0 4
L 305935 1856 0 362 0 4
L 305962 1871 0 365 0 4
L 306179 1859 0 362 0 4
L 306206 1860 0 362 0 4
L 306261 1861 0 363 0 4
L 306287 1854 0 361 0 4
L 306342 1850 0 360 0 4
L 306368 1859 0 362 0 4
L 306423 1865 0 363 0 4
L 306451 1868 0 364 0 4
L 306506 1869 0 364 0 4
L 306534 1862 0 363 0 4
L 306587 1867 0 364 0 4
L 306615 1871 0 365 0 4
L 306642 1873 0 365 0 4
L 306699 1874 0 365 0 4
L 306726 1861 0 363 0 4
L 306782 1863 0 363 0 4
L 306808 1865 0 363 0 4
L 306863 1866 0 364 0 4
L 306945 1813 0 353 0 4
L 306972 1847 0 360 0 4
L 307027 1865 0 363 0 4
L 307055 1874 0 365 0 4
B 307082 TOP -1 0
L 307136 1864 0 363 0 4
L 307192 1829 0 356 0 4
L 307221 1855 0 361 0 4
L 307276 1869 0 364 0 4
L 307332 1869 27 364 3 0
L 307386 1858 15 362 1 0
L 307414 1858 8 362 0 0
L 307470 1868 5 364 0 0
L 307497 1866 3 364 0 0
B 307553 TOP -1 0
L 307581 1868 0 364 0 4
L 307751 1879 0 366 0 4
L 307778 1873 0 365 0 4
L 307834 1869 0 364 0 4
L 307862 1867 0 364 0 4
L 307918 1866 0 364 0 4
L 307974 1875 0 365 0 4
L 308029 1869 0 364 0 4
L 308057 1865 0 363 0 4
L 308113 1863 0 363 0 4
L 308141 1848 0 360 0 4
L 308197 1858 0 362 0 4
L 308225 1864 0 363 0 4
L 308253 1867 0 364 0 4
L 308309 1869 0 364 0 4
L 308337 1864 0 363 0 4
L 308393 1890 0 368 0 4
L 308421 1887 0 368 0 4
L 308476 1884 0 367 0 4
L 308505 1883 0 367 0 4
L 308532 1874 19 365 2 0
L 308586 1860 11 362 1 0
L 308614 1864 6 363 0 0
L 308671 1867 4 364 0 0
B 308698 TOP -1 0
L 310512 2832 3148 552 368 0
L 311906 2832 2940 552 343 0
L 311961 2832 2925 552 342 0
L 322585 2164 4095 422 479 8
L 322613 2149 4095 419 479 8
L 322753 2149 4085 419 477 0
L 322780 2149 4088 419 478 0
L 322834 2149 4091 419 478 0
L 322862 2149 4092 419 478 0
L 322916 2149 4093 419 478 0
L 322943 2139 4093 417 478 0
L 322997 2158 4093 421 478 0
L 323025 2157 4093 420 478 0
L 323052 2155 4093 420 478 0
L 323105 2154 4093 420 478 0
L 323186 2177 4093 424 478 0
L 323266 2162 4093 421 478 0
L 323293 2154 4093 420 478 0
L 323348 2150 4084 419 477 0
L 323375 2148 4079 419 477 0
L 323430 2147 4076 418 476 0
L 323457 2146 4084 418 477 0
L 323512 2146 4080 418 477 0
L 323538 2146 4086 418 477 0
L 323592 2146 4090 418 478 0
L 323618 2146 4075 418 476 0
L 323673 2146 4066 418 475 0
L 323701 2146 4062 418 475 0
L 323756 2146 3932 418 459 0
L 323784 2146 3962 418 463 0
L 323837 2146 3978 418 465 0
L 323865 2146 3996 418 467 0
L 323945 2146 4000 418 467 0
L 323972 2136 4011 416 469 0
L 324026 2131 4039 415 472 0
L 324053 2134 4027 416 471 0
L 324106 2136 4020 416 470 0
L 324133 2137 4022 416 470 0
L 324187 2138 4024 417 470 0
L 324215 2138 4025 417 470 0
L 324269 2138 4026 417 470 0
L 324296 2138 4013 417 469 0
L 324351 2138 4005 417 468 0
L 324377 2138 4009 417 468 0
L 324432 2138 4012 417 469 0
L 324458 2138 4013 417 469 0
L 324512 2138 4014 417 469 0
L 324538 2138 3919 417 458 0
L 324593 2162 3968 421 464 0
L 324620 2155 3993 420 467 0
L 324674 2150 4006 419 468 0
L 324703 2148 4012 419 469 0
L 324758 2147 4015 418 469 0
L 324785 2146 4017 418 469 0
L 324812 2146 4018 418 469 0
L 324894 2146 4026 418 470 0
L 324948 2146 4030 418 471 0
L 324976 2146 4032 418 471 0
L 325031 2146 4020 418 470 0
L 325138 2157 4020 420 470 0
L 325193 2126 3973 414 464 0
L 325218 2133 3995 416 467 0
L 325273 2138 4007 417 468 0
L 325301 2140 4013 417 469 0
L 325355 2141 4010 417 469 0
L 325383 2142 3996 417 467 0
L 325464 2142 4004 417 468 0
L 325545 2142 4014 417 469 0
L 325572 2142 4011 417 469 0
L 325626 2142 4000 417 467 0
L 325711 2142 4001 417 468 0
B 325738 BOTTOM -1 4095
L 325792 2204 4028 430 471 0
L 325848 2153 3997 420 467 0
L 325876 2153 4003 420 468 0
L 325903 2153 4007 420 468 0
L 325959 2145 4009 418 468 0
L 325987 2163 4010 422 469 0
L 326070 2142 4010 417 469 0
L 326125 2132 4010 415 469 0
L 326208 2133 4010 416 469 0
L 326236 2134 3985 416 466 0
L 326263 2127 3989 415 466 0
L 326319 2132 3992 415 466 0
L 326347 2135 4009 416 468 0
L 326402 2137 4018 416 469 0
L 326428 2160 4050 421 473 0
B 326484 BOTTOM -1 4095
L 327195 2920 2804 569 327 0
L 336577 0 2292 0 268 1
L 336604 0 2241 0 262 1
L 336827 0 2273 0 265 1
L 336854 0 2274 0 265 1
L 336908 0 2265 0 264 1
L 336935 47 2259 9 264 0
L 336962 31 2286 6 267 0
L 337015 22 2235 4 261 0
L 337042 18 2250 3 263 0
L 337095 16 2250 3 263 0
L 337122 15 2235 2 261 0
L 337175 20 2226 3 260 0
L 337202 23 2235 4 261 0
L 337256 25 2241 4 262 0
L 337283 26 2244 5 262 0
L 337336 26 2255 5 263 0
L 337363 15 2261 2 264 0
L 337416 18 2242 3 262 0
L 337443 20 2253 3 263 0
L 337498 21 2260 4 264 0
L 337525 22 2263 4 264 0
L 337580 22 2235 4 261 0
L 337607 22 2256 4 263 0
L 337662 22 2234 4 261 0
L 337688 22 2253 4 263 0
L 337744 22 2278 4 266 0
L 337772 22 2290 4 267 0
L 337826 22 2296 4 268 0
L 337854 22 2290 4 267 0
L 337907 22 2286 4 267 0
L 337935 22 2266 4 265 0
L 337987 13 2256 2 263 0
L 338015 19 2251 3 263 0
L 338042 23 2254 4 263 0
L 338095 25 2256 4 263 0
L 338122 26 2293 5 268 0
L 338176 26 2292 5 268 0
L 338203 26 2249 5 263 0
L 338256 26 2243 5 262 0
L 338283 26 2246 5 262 0
L 338337 86 2256 16 263 0
L 338364 57 2226 11 260 0
L 338419 33 2247 6 262 0
L 338446 31 2249 6 263 0
B 338501 LEFT 0 -1
L 339711 2756 2964 537 346 0
L 339768 2756 3063 537 358 0
L 341833 4095 2348 799 274 2
L 341887 4095 2325 799 271 2
L 341915 4095 2347 799 274 2
L 341942 4073 2359 794 275 0
L 341995 4077 2359 795 275 0
L 342022 4080 2350 796 274 0
L 342076 4081 2355 796 275 0
L 342103 4082 2373 796 277 0
L 342157 4082 2382 796 278 0
L 342184 4082 2386 796 279 0
L 342239 4075 2381 795 278 0
L 342266 4070 2365 794 276 0
L 342321 4068 2369 793 277 0
L 342347 4074 2372 794 277 0
L 342402 4078 2366 795 276 0
L 342427 4080 2371 796 277 0
L 342482 4081 2357 796 275 0
L 342508 4082 2349 796 274 0
L 342564 4073 2293 794 268 0
L 342591 4075 2339 795 273 0
L 342645 4077 2345 795 274 0
L 342673 4078 2314 795 270 0
L 342727 4078 2319 795 271 0
L 342756 4078 2323 795 271 0
L 342783 4078 2339 795 273 0
L 342838 4078 2347 795 274 0
L 342865 4078 2393 795 279 0
L 342920 4078 2370 795 277 0
L 342947 4078 2379 795 278 0
L 343001 4078 2385 795 278 0
L 343027 4078 2410 795 281 0
L 343083 4078 2407 795 281 0
L 343108 4078 2372 795 277 0
L 343163 4086 2369 797 277 0
L 343188 4079 2383 795 278 0
L 343243 4080 2381 796 278 0
L 343270 4081 2363 796 276 0
L 343325 4082 2368 796 276 0
L 343353 4082 2371 796 277 0
L 343407 4082 2357 796 275 0
B 343434 RIGHT 4095 -1
L 344831 2900 2908 565 340 0
# 
# === touch_raw summary ===
# hardware raw range: X[0..4095] Y[0..4095]  panel 800x480
# 
# AXIS X          interior-only   all-points
#   raw @ panel 0           10           -37
#   raw @ panel 799       4076          4122
#   bezel press LEFT  raw     0 -> panel -1
#   bezel press RIGHT raw  4095 -> panel 802
#   edge-probe residual  x=20: -15 px   x=780: +14 px
#   curve raw 10 1027 3063 4076
#   raw 0..4095 covers panel -1..802
#   X: linear to both edges, no correction needed
# 
# AXIS Y          interior-only   all-points
#   raw @ panel 0         -296          -237
#   raw @ panel 479       4376          4318
#   bezel press TOP    raw     0 -> panel 30
#   bezel press BOTTOM raw  4095 -> panel 450
#   edge-probe residual  y=22: +8 px   y=458: -8 px
#   curve raw 0 874 3215 4095
#   raw 0..4095 covers panel 0..479
#   Y: edge compression, outer bands absorb 296 raw (~34 px) - edges still reach
# 
# per-target medians (target_x target_y raw_x raw_y)
#    150  240     784  2044
#    400  240    2044  2044
#    650  240    3312  2044
#    400  120    2044   876
#    400  360    2044  3216
#    200  150    1020  1168
#    600  330    3076  2924
#     20  240      36  2044
#    780  240    4052  2044
#    400   22    2044     0
#    400  458    2044  4095
